EXT,EST,AGR,CSN,OPN,Technical_Skills,Communication_Skills,Experience_Years,Education_Level,Certifications,Leadership_Score,Adaptability_Score,Analytical_Thinking,Teamwork_Score,Project_Management,Cluster
71,65,55,48,41,57,48,16,3,2,35,80,43,33,83,0
34,40,55,93,60,44,63,6,2,1,32,97,51,84,45,0
91,55,22,79,24,93,84,12,1,3,95,49,65,73,77,0
80,73,92,37,61,75,47,1,3,2,41,38,97,41,50,1
40,76,27,54,95,69,63,3,2,1,46,55,67,81,85,0
94,82,60,30,86,58,35,6,5,2,21,97,59,94,37,1
43,73,87,68,49,62,50,16,2,1,45,70,49,39,94,0
22,74,32,57,76,73,99,19,1,2,88,88,91,47,32,0
41,59,68,83,92,52,77,5,4,1,49,74,57,76,43,1
72,34,79,88,48,82,68,18,4,2,27,70,92,95,76,1
21,40,21,27,56,93,60,4,1,0,57,67,92,78,48,0
49,66,79,53,32,68,39,9,3,3,80,48,92,51,75,1
57,92,24,67,51,75,59,8,3,3,84,43,66,55,73,0
21,72,63,75,65,61,47,12,2,1,86,50,70,38,24,0
83,28,46,95,42,91,89,18,4,2,65,44,66,50,54,1
79,93,51,84,64,91,44,5,3,2,91,32,81,92,38,0
40,71,40,50,36,86,33,3,3,0,62,66,40,35,74,0
52,76,27,23,85,75,92,2,4,4,78,75,45,43,96,1
95,45,91,69,25,48,69,2,5,1,65,45,50,62,88,1
77,60,69,88,37,78,38,3,3,4,91,43,73,53,63,1
41,54,86,49,41,90,38,4,1,3,54,38,78,80,97,0
68,82,63,78,52,58,55,7,2,4,58,36,59,31,57,0
78,44,77,86,49,77,33,15,3,1,70,43,92,44,81,0
61,94,22,94,51,45,45,2,3,1,23,35,60,64,41,0
79,57,89,64,61,91,44,11,5,2,99,44,60,65,92,1
99,21,21,23,97,86,81,7,1,0,96,81,57,68,59,0
34,26,63,45,29,54,98,12,2,1,70,63,60,33,45,0
81,36,54,65,53,59,49,13,2,1,74,98,43,35,73,0
66,62,49,83,92,48,47,13,4,1,39,49,52,86,68,1
81,78,27,70,47,71,31,12,3,5,43,36,57,59,22,1
70,70,41,69,30,43,42,5,3,3,55,36,91,96,57,0
74,73,63,25,97,89,33,16,4,4,53,79,68,44,33,1
83,43,77,78,58,57,71,3,5,4,73,31,64,46,66,1
22,44,55,34,66,44,90,7,3,2,53,76,95,47,33,1
70,90,88,49,38,59,37,16,2,2,36,43,52,48,94,0
26,71,96,61,34,62,96,2,1,2,24,60,66,98,92,0
40,89,50,56,47,50,92,16,2,2,37,79,99,53,57,0
92,52,66,61,43,76,38,8,5,3,74,90,58,77,83,1
58,68,74,54,91,61,40,1,1,1,72,70,88,59,63,0
37,48,99,25,28,97,71,12,2,4,69,43,40,44,89,0
23,82,81,87,66,43,42,19,2,2,91,34,77,76,84,0
79,41,49,37,52,68,65,1,4,3,98,34,58,73,44,1
33,45,74,92,81,83,42,19,5,2,64,93,91,56,35,1
28,47,35,48,38,73,41,10,4,2,32,58,40,93,34,1
72,68,31,96,86,52,66,14,1,1,35,34,79,70,22,0
21,90,36,78,93,81,81,10,4,1,32,65,56,97,86,1
79,68,35,66,59,48,31,2,5,1,39,48,60,34,56,1
90,39,31,36,66,81,85,2,3,4,85,93,61,82,74,1
63,82,27,41,84,70,89,11,3,1,66,51,54,37,57,0
27,80,22,87,48,46,52,4,1,2,38,63,89,51,82,0
66,68,35,88,69,43,69,19,3,1,64,85,78,36,20,1
54,90,49,56,32,58,93,6,4,2,56,46,87,51,90,1
97,20,42,68,20,81,52,6,1,3,73,85,78,75,38,0
55,32,24,32,53,69,58,12,5,2,25,46,71,59,71,1
69,70,84,53,67,70,80,8,1,2,33,47,88,45,49,0
23,75,49,72,96,74,98,12,1,0,23,74,43,34,74,0
21,81,40,70,67,96,60,11,2,0,74,85,83,96,33,0
25,51,89,22,68,60,79,12,2,0,53,79,84,52,32,0
73,49,41,61,83,70,49,9,1,3,46,87,71,90,46,0
23,48,91,51,80,58,84,0,3,3,26,47,43,34,28,1
73,68,51,70,48,70,31,7,2,2,22,36,92,52,60,0
82,64,52,65,58,92,54,15,5,0,66,39,40,54,67,1
37,49,35,40,45,71,42,12,4,3,21,98,72,37,31,1
53,59,57,30,90,98,96,2,1,1,44,73,48,31,25,0
93,38,33,87,32,91,87,4,3,2,79,99,40,51,53,1
81,37,55,20,88,49,93,10,4,3,98,43,55,97,71,1
33,20,42,82,45,41,98,6,2,2,43,33,57,93,60,0
67,97,85,43,68,41,88,9,3,2,34,47,93,48,25,1
34,66,21,32,86,99,89,9,3,3,33,81,86,82,21,1
97,57,84,70,77,56,45,1,1,2,97,49,41,76,36,0
81,70,94,36,68,71,97,2,5,0,25,73,48,83,35,1
59,82,86,43,72,55,44,7,3,3,97,80,43,73,47,1
99,23,71,38,84,55,84,10,4,0,37,48,84,36,91,1
72,20,81,56,81,85,64,12,2,1,39,97,62,30,29,0
43,27,42,27,36,78,84,6,4,0,81,95,93,92,29,1
45,48,45,47,62,92,43,12,1,5,99,42,82,68,29,0
79,74,87,24,44,70,78,1,1,0,59,91,84,48,92,0
48,51,25,55,98,63,59,8,5,2,71,59,90,53,43,1
34,29,54,38,48,40,78,19,1,4,51,59,47,98,38,0
64,93,41,83,51,50,45,1,1,4,92,80,78,94,87,0
84,53,62,30,45,94,80,17,4,1,46,77,64,62,75,1
90,74,34,73,35,60,71,15,1,2,71,62,55,88,86,0
28,51,79,64,44,43,46,11,5,1,82,48,74,62,61,1
20,69,31,66,73,46,92,6,5,2,93,86,56,61,31,1
27,26,68,31,47,65,74,6,5,0,82,48,57,88,37,1
82,27,61,40,92,86,36,16,2,3,36,70,99,70,42,0
30,84,57,30,75,89,56,12,5,2,68,71,66,41,25,1
27,76,64,24,84,51,39,10,5,2,42,81,54,40,72,1
54,86,54,75,99,70,63,5,2,3,91,33,99,48,61,0
54,78,49,39,60,56,65,13,3,0,32,33,56,83,85,0
52,91,49,60,70,72,54,5,1,2,42,34,82,86,49,0
24,73,97,65,90,50,35,5,5,0,76,70,44,71,28,1
60,86,25,31,97,67,53,1,1,0,81,90,55,60,61,0
47,70,86,89,48,71,47,19,4,4,73,84,54,81,53,1
92,53,26,38,85,86,58,16,2,2,71,43,85,67,36,0
91,54,71,45,60,67,54,7,1,0,42,89,73,61,48,0
31,97,33,67,64,92,84,4,1,0,54,54,87,39,69,0
53,51,92,71,34,81,75,16,1,4,86,73,58,37,95,0
52,65,34,89,22,46,53,19,3,0,53,39,47,49,68,0
67,35,40,74,30,41,55,0,3,2,52,79,86,49,92,1
42,87,54,94,72,81,57,17,4,1,65,73,49,38,80,1
81,56,85,52,65,63,32,14,2,2,64,43,44,44,65,0
56,73,21,81,49,43,67,4,1,2,38,44,91,92,65,0
63,33,54,42,76,83,90,6,1,2,34,45,87,50,36,0
54,74,97,34,37,58,80,17,1,2,97,31,92,34,85,0
84,67,39,46,70,65,77,5,1,2,85,59,65,64,24,0
66,26,29,94,67,50,50,4,3,1,58,59,61,97,73,0
97,93,44,83,85,79,83,18,4,1,37,60,83,77,35,1
22,26,85,70,27,89,85,9,5,1,89,49,62,91,26,1
20,52,44,72,41,82,88,14,2,5,78,78,52,64,27,0
24,42,73,97,25,50,80,9,1,3,51,64,48,99,91,0
33,38,52,70,95,84,49,15,4,2,40,52,88,50,57,1
46,38,55,66,76,42,88,11,5,1,59,90,59,68,73,1
28,55,33,23,55,51,38,17,4,3,46,84,67,63,95,1
34,79,99,54,76,81,58,15,5,2,99,37,96,35,69,1
61,21,73,67,68,66,92,5,4,1,58,69,76,95,75,1
96,20,71,92,64,88,85,2,3,3,75,88,63,85,28,1
70,66,22,91,85,93,97,1,4,1,32,61,83,78,27,1
82,88,60,64,96,41,64,1,4,0,75,36,72,30,38,1
71,39,25,91,64,88,32,12,5,2,85,31,59,94,70,1
23,30,44,38,98,55,36,8,3,3,97,35,99,57,91,1
42,21,32,82,39,41,56,15,1,1,75,65,87,49,76,0
34,86,27,57,83,99,30,4,2,2,47,61,69,77,87,0
62,31,40,86,86,93,73,6,5,1,83,74,83,94,50,1
48,39,87,78,22,69,70,12,3,3,90,71,48,80,22,1
55,24,44,88,73,59,71,19,4,2,83,82,84,72,62,1
32,56,98,32,97,77,62,12,3,1,75,38,88,78,48,1
51,57,87,66,83,67,79,6,2,4,60,78,56,54,29,1
90,28,64,80,59,64,92,9,2,0,60,31,75,70,31,0
47,63,31,99,74,49,88,5,1,2,76,40,58,90,49,0
85,43,51,41,81,99,77,4,2,4,49,79,46,41,51,0
64,49,50,86,79,79,77,14,5,3,75,44,42,43,66,1
81,78,97,73,94,72,32,15,4,6,50,60,72,63,82,1
76,33,39,29,49,52,76,18,1,1,26,91,83,77,45,0
25,28,37,61,21,95,91,8,4,0,96,57,71,90,22,1
47,59,79,83,81,80,43,18,1,3,73,54,86,64,42,0
47,85,82,40,68,93,92,6,2,1,27,54,50,94,94,0
49,92,51,95,50,86,60,2,5,0,88,88,41,65,69,1
81,41,62,85,80,76,46,19,2,1,63,98,65,48,55,0
94,23,21,60,98,93,53,10,4,3,32,71,43,71,32,1
81,45,79,43,67,55,52,0,4,5,39,63,56,98,48,1
20,77,42,54,44,84,79,5,3,1,97,95,56,48,57,1
46,48,50,75,55,61,99,10,1,4,51,47,67,68,96,0
96,94,53,76,92,59,44,6,2,2,69,49,79,81,39,0
22,89,29,66,77,89,79,5,4,2,46,95,62,41,97,1
89,37,21,54,64,82,65,13,5,1,44,91,85,76,33,1
91,61,30,38,81,66,37,1,1,3,71,61,63,65,27,0
46,60,69,27,58,80,32,3,3,3,87,87,68,92,67,1
28,57,50,45,77,55,91,10,1,6,40,79,43,80,32,0
81,53,75,90,83,73,76,14,5,2,37,67,77,72,43,1
56,36,98,49,63,71,90,17,5,2,58,84,68,63,98,1
70,56,92,26,48,65,61,0,5,2,34,57,58,78,84,1
63,44,28,86,78,64,42,2,5,2,72,51,66,47,53,1
43,95,40,84,90,41,30,2,2,3,57,72,68,90,70,0
98,46,92,55,28,51,63,6,3,3,67,65,95,86,22,1
78,76,47,44,25,79,91,0,5,2,71,81,75,34,97,1
51,50,81,56,48,48,60,10,5,3,91,65,74,53,77,1
71,25,26,20,77,51,93,5,4,2,47,57,91,93,91,1
81,59,99,34,36,65,54,19,3,1,35,87,45,88,74,0
77,31,35,56,35,48,67,2,1,1,35,65,98,67,99,0
71,72,23,32,22,49,43,18,3,2,54,99,62,62,61,0
31,90,23,27,40,71,37,1,3,1,36,38,78,39,40,0
58,29,59,24,83,96,83,17,3,3,92,50,85,66,29,1
21,64,36,79,55,73,31,11,5,3,71,93,83,40,76,1
22,36,71,92,81,87,85,9,5,1,31,90,87,53,44,1
75,45,71,20,61,59,90,4,2,4,67,69,91,50,75,0
78,81,55,55,95,78,51,8,1,4,41,85,47,49,57,0
21,65,57,54,61,99,64,1,4,2,68,33,94,39,80,1
21,83,69,85,80,41,45,1,3,2,71,60,41,76,66,1
20,73,82,42,30,90,72,9,1,2,20,87,79,44,65,0
38,84,81,28,73,99,46,17,2,5,85,54,96,73,87,0
21,70,26,53,35,75,87,11,4,3,83,98,60,91,23,1
72,72,46,65,27,63,31,3,3,3,27,99,70,35,85,1
63,55,33,97,78,93,33,16,4,1,44,34,91,95,62,1
51,45,90,23,76,66,68,14,2,3,85,37,87,33,81,0
89,48,24,49,59,41,35,5,5,0,92,38,75,52,23,1
51,40,74,94,78,70,98,15,1,3,92,44,87,42,84,0
74,59,81,22,95,53,49,2,5,0,89,44,77,45,21,1
94,30,40,33,29,41,93,9,2,1,98,66,66,70,28,0
75,55,98,79,63,68,45,4,4,5,70,68,75,30,76,1
36,78,40,96,30,54,80,13,1,0,72,35,87,41,64,0
57,58,29,64,98,51,66,12,3,3,34,86,62,85,37,1
43,73,77,53,99,76,98,5,5,1,69,48,94,79,67,1
88,74,58,64,21,67,71,11,5,2,90,92,60,49,61,1
89,43,24,80,69,59,86,7,1,3,94,60,52,95,60,0
30,41,84,35,31,78,95,4,4,4,57,39,76,65,94,1
35,88,32,85,42,63,38,14,2,0,59,96,86,67,77,0
92,75,72,59,37,60,93,15,4,1,85,91,65,51,61,1
78,52,64,36,81,49,51,0,4,4,58,32,79,90,54,1
89,55,51,53,81,85,63,15,4,1,93,47,46,79,57,1
99,39,55,35,57,53,84,4,1,4,36,54,85,88,86,0
22,81,79,79,86,76,58,2,1,5,26,49,78,49,60,0
39,92,30,85,57,57,67,19,2,1,58,87,61,65,69,0
78,45,82,85,86,63,47,14,4,2,87,79,78,44,91,1
55,85,40,32,80,53,94,12,1,3,54,39,62,91,98,0
38,92,71,75,20,73,30,15,2,1,70,50,97,32,64,0
86,92,74,50,64,97,33,10,2,3,66,58,69,34,90,0
38,59,45,53,47,51,33,1,4,2,55,39,57,85,38,1
39,36,87,58,40,61,56,5,3,3,83,42,81,60,36,1
90,20,53,86,32,95,72,5,4,1,32,76,57,64,84,1
71,80,71,27,46,45,88,13,3,0,37,52,85,99,96,0
52,62,71,97,26,75,61,10,2,3,40,79,49,55,75,0
59,61,48,74,41,84,62,7,1,0,84,33,78,30,60,0
58,44,57,46,93,75,57,7,5,1,27,96,69,36,61,1
20,58,61,72,72,61,84,0,2,0,67,82,65,65,25,0
30,54,40,58,98,53,89,6,1,2,62,31,46,54,88,0
69,63,32,36,23,75,91,7,4,1,46,94,44,90,92,1
42,70,83,49,42,95,63,18,3,1,38,86,40,58,59,0
50,31,36,72,89,64,85,19,2,0,42,99,85,47,60,0
61,38,28,32,95,71,42,7,1,1,69,36,57,70,28,0
26,63,60,40,52,72,85,13,4,0,70,48,52,48,27,1
35,78,20,38,47,84,47,17,5,2,62,73,64,33,63,1
79,68,21,72,27,75,83,15,4,3,70,92,79,94,77,1
21,80,79,38,20,59,72,8,3,2,88,94,47,70,86,1
20,36,67,76,56,57,68,14,4,3,60,68,49,44,32,1
67,93,48,44,82,77,90,9,5,2,91,55,71,83,38,1
31,76,29,50,41,42,71,15,1,1,30,73,56,93,68,0
88,74,77,74,89,62,47,3,2,3,99,41,77,44,99,0
56,66,79,42,40,71,52,19,3,0,71,51,54,79,97,0
51,31,40,51,54,84,83,12,5,0,42,43,54,51,49,1
28,81,47,81,98,98,59,4,3,1,68,59,96,47,85,0
38,99,94,93,24,55,87,6,4,4,57,73,87,31,96,1
67,27,53,29,79,98,97,8,3,4,66,67,79,65,78,1
39,89,91,71,67,60,36,5,2,3,85,81,54,96,50,0
43,91,68,39,25,79,69,15,3,3,96,92,74,59,34,1
73,44,98,51,75,90,99,5,1,4,81,90,45,84,39,0
52,31,36,33,78,53,94,13,3,2,48,63,69,95,24,1
43,34,79,69,48,78,97,0,4,3,57,68,96,55,26,1
94,78,64,47,90,70,78,8,2,1,52,70,47,86,37,0
91,45,88,72,96,53,81,12,2,3,48,66,70,98,75,0
55,45,51,43,37,45,58,18,2,1,98,94,87,31,94,0
57,66,63,98,21,51,50,16,1,1,42,61,86,85,64,0
44,51,84,41,27,55,38,10,1,2,22,37,71,91,47,0
37,29,27,49,94,56,76,7,5,2,64,47,84,63,69,1
85,35,96,82,73,84,71,4,3,2,27,74,97,85,21,1
73,90,91,23,57,62,80,9,3,2,48,62,91,84,87,0
54,36,62,96,67,53,85,6,4,3,21,34,54,49,96,1
99,42,20,78,46,46,80,9,2,3,69,65,57,79,43,0
80,45,70,27,39,85,99,3,1,4,84,52,52,54,67,0
60,26,43,31,31,71,49,8,4,3,39,69,63,54,64,1
52,33,43,50,62,54,56,13,4,2,71,34,79,82,77,1
87,98,36,97,80,83,67,1,1,1,56,63,53,43,55,0
52,26,24,53,50,56,94,8,3,2,91,53,67,89,21,1
33,28,39,94,80,80,83,0,2,4,46,46,50,72,37,0
40,67,40,95,93,93,53,9,3,1,66,51,45,91,68,0
67,91,77,68,86,86,76,9,4,2,25,44,95,98,27,1
39,78,50,98,54,83,92,19,2,1,79,44,64,92,77,0
27,58,30,76,34,73,86,2,5,1,64,54,40,31,34,1
26,37,71,45,35,44,84,5,4,2,63,82,64,83,36,1
86,78,34,37,32,84,89,5,3,1,37,50,41,45,42,0
36,36,26,57,54,66,91,1,3,4,84,95,71,84,85,1
52,33,47,69,94,91,59,17,3,1,44,61,52,72,89,0
67,50,70,27,78,62,51,1,1,2,46,50,72,90,46,0
95,43,77,60,40,79,58,11,4,1,26,97,71,67,56,1
78,79,24,25,73,98,70,4,2,4,63,73,95,74,68,0
41,64,24,88,94,53,71,19,3,3,48,95,63,80,83,0
49,22,27,63,49,54,94,6,3,1,63,43,66,71,53,0
57,56,83,83,67,82,60,15,1,2,55,44,43,53,37,0
70,62,29,48,54,72,59,19,2,0,38,49,63,59,83,0
73,59,57,47,57,92,47,0,4,3,25,63,62,66,93,1
27,74,27,30,50,70,46,0,5,3,44,65,68,82,63,1
46,58,44,84,97,74,67,16,1,2,50,38,73,92,36,0
46,34,92,38,43,56,43,0,4,4,28,59,60,40,78,1
40,23,85,28,68,67,85,19,5,2,93,92,69,52,32,1
49,44,98,46,51,58,51,12,3,3,56,64,65,79,71,1
47,32,69,53,74,85,96,8,3,1,46,42,59,84,79,0
83,52,86,63,98,93,85,14,2,1,32,75,55,84,61,0
88,35,68,87,77,62,48,2,5,4,60,85,42,33,83,1
80,61,55,34,22,71,86,13,3,3,85,38,88,83,85,0
67,85,87,70,99,79,73,10,3,1,43,65,76,90,53,1
38,74,97,32,88,52,64,11,2,2,63,32,97,34,90,0
23,61,60,68,29,98,30,12,4,1,79,48,79,47,83,1
54,53,81,89,44,59,81,12,3,1,28,57,83,73,52,0
83,49,29,75,87,74,99,0,1,1,21,52,64,60,31,0
68,32,40,95,80,44,66,9,1,0,75,36,62,50,95,0
36,32,55,70,48,48,94,2,4,3,49,43,83,76,38,1
63,37,31,56,38,68,80,3,5,1,41,75,98,59,28,1
49,51,21,36,62,45,30,15,2,3,94,44,40,84,93,0
65,58,32,77,85,64,50,7,1,2,32,96,72,97,36,0
25,65,72,48,93,70,82,15,1,1,90,44,54,98,69,0
56,48,51,52,80,61,45,16,4,5,35,80,56,70,58,1
43,81,35,79,62,41,90,18,5,0,64,37,73,74,60,1
65,81,51,74,44,84,83,14,5,6,84,98,56,59,29,1
72,76,51,29,39,44,69,15,4,2,30,91,91,74,31,1
79,35,30,66,67,99,55,14,1,2,89,80,97,74,98,0
82,75,29,42,43,66,94,1,2,0,39,92,80,74,34,0
51,29,34,40,30,64,93,10,1,3,82,97,83,84,47,0
52,49,36,32,74,47,72,0,5,0,31,45,43,88,23,1
86,44,59,52,47,94,46,14,1,1,81,53,52,34,55,0
37,24,37,43,88,40,88,18,2,0,61,35,43,61,84,0
44,84,74,30,82,59,52,3,3,2,88,86,46,35,66,1
73,68,92,36,78,83,36,10,1,0,77,60,85,55,58,0
77,22,44,87,24,62,73,4,4,2,24,35,98,66,57,1
86,64,78,66,70,71,82,2,3,2,46,58,48,42,63,1
65,33,97,44,40,50,63,12,4,2,47,96,62,98,70,1
43,49,41,92,31,78,75,9,4,2,45,32,72,54,45,1
51,87,49,40,69,86,97,10,4,5,68,57,72,42,55,1
66,37,63,31,23,93,45,17,1,1,40,77,59,49,88,0
42,81,51,56,61,63,48,1,5,3,20,39,43,89,20,1
85,56,70,61,57,50,31,6,3,1,77,62,40,50,72,1
46,44,65,36,44,68,39,8,2,1,98,96,93,90,25,0
21,67,40,67,33,93,79,9,5,1,74,98,81,55,56,1
36,84,51,47,94,65,41,17,1,1,45,41,73,83,21,0
52,72,58,60,51,55,99,6,4,3,44,86,66,71,88,1
28,98,31,66,30,74,51,6,2,1,96,73,60,40,60,0
62,92,66,37,80,59,61,2,3,3,52,42,63,66,70,1
67,34,37,97,37,85,30,11,5,1,91,53,54,40,66,1
58,68,40,90,46,42,83,6,5,3,88,73,74,56,32,1
61,87,32,32,74,40,87,16,2,0,25,86,64,63,95,0
45,31,40,32,73,97,99,0,1,2,42,45,94,67,88,0
69,78,27,50,94,92,47,4,3,5,49,50,48,90,85,1
44,56,65,21,40,86,35,15,2,2,97,80,56,82,78,0
43,80,26,35,63,40,74,14,4,0,73,50,60,94,87,1
79,89,94,92,60,41,52,8,5,3,50,80,52,96,29,1
26,58,41,57,78,68,55,6,2,2,25,50,42,57,32,0
55,82,48,73,93,45,73,19,5,1,96,94,43,81,34,1
64,65,32,75,41,47,56,17,5,2,31,87,82,59,65,1
39,30,21,64,84,68,55,3,1,3,85,35,67,87,76,0
84,81,48,53,83,87,65,12,5,0,72,94,46,83,29,1
27,96,98,28,90,90,84,0,4,2,55,63,65,98,41,1
35,44,71,27,23,72,93,2,4,1,36,85,50,44,98,1
33,90,46,26,84,42,86,15,3,1,47,32,63,67,96,0
95,71,69,55,34,99,98,3,5,1,41,71,82,43,27,1
85,78,42,22,41,44,31,18,2,4,34,35,76,88,41,0
51,91,63,47,66,66,84,0,1,2,30,35,52,37,64,0
82,39,96,89,65,83,67,4,3,1,43,92,83,48,59,1
70,82,41,63,33,51,58,18,5,1,86,49,81,61,41,1
44,73,62,40,69,59,55,10,2,0,49,50,78,58,49,0
77,93,56,47,39,84,64,12,1,2,89,31,58,70,81,0
82,76,80,73,69,59,96,19,3,1,85,85,90,74,92,0
81,60,75,73,52,48,58,4,3,3,80,39,58,42,64,1
41,22,22,84,78,78,63,3,5,4,97,99,51,56,54,1
77,25,82,40,62,43,70,3,3,2,60,52,91,48,61,1
77,24,38,32,98,90,70,3,2,1,70,59,61,55,24,0
68,24,42,76,31,93,52,3,3,2,63,66,86,82,46,1
71,73,48,68,59,58,32,19,4,3,32,84,76,80,89,1
61,66,49,73,39,77,87,17,2,3,31,78,95,66,81,0
89,68,58,29,57,66,61,17,1,1,28,63,69,38,51,0
34,28,44,72,22,84,60,15,1,2,67,73,85,81,27,0
73,39,27,63,47,82,72,8,5,3,68,51,51,83,37,1
79,80,77,66,75,52,36,17,5,1,72,60,68,32,97,1
27,54,35,72,32,52,30,1,4,2,75,36,60,98,34,1
72,69,91,93,96,99,90,3,1,3,59,50,50,37,45,0
79,81,20,65,85,96,43,11,1,0,43,45,99,43,72,0
24,36,24,32,56,61,81,6,1,2,91,49,76,32,63,0
87,22,22,56,68,67,35,14,1,2,52,72,87,53,51,0
25,51,84,43,85,91,39,6,3,2,42,73,97,42,47,1
66,32,23,21,55,86,59,16,2,1,96,76,57,72,58,0
74,92,83,33,73,92,50,15,2,3,73,48,83,58,51,0
59,87,29,29,45,84,89,18,4,3,72,77,98,80,96,1
71,33,40,54,94,61,92,8,3,2,68,98,66,71,98,1
35,30,65,44,91,82,71,13,1,0,97,40,76,60,37,0
32,75,46,22,59,58,80,16,1,1,97,58,87,92,89,0
49,86,85,36,62,47,93,4,5,3,99,74,51,55,30,1
38,48,60,31,41,91,85,1,5,4,68,97,62,47,51,1
36,28,32,73,39,47,70,19,4,0,79,65,73,86,39,1
82,86,28,43,27,81,61,15,1,0,84,77,77,36,59,0
38,44,55,48,48,65,44,13,4,2,51,44,62,77,27,1
77,95,77,62,59,87,91,13,3,1,98,73,92,89,54,0
74,61,73,44,49,90,56,0,2,2,40,96,64,62,88,0
81,28,31,79,74,65,57,2,1,1,37,69,43,32,97,0
42,98,97,84,35,62,93,6,3,0,79,43,69,33,40,1
28,59,33,47,65,82,88,14,1,0,32,92,69,33,43,0
31,44,53,35,81,52,87,18,5,1,43,80,52,71,36,1
20,24,72,66,26,67,31,19,4,1,49,87,81,38,37,1
20,78,94,95,64,59,42,18,2,0,44,94,53,46,35,0
53,98,35,46,78,95,44,8,5,1,69,84,95,46,23,1
67,57,89,72,75,58,89,18,1,3,33,39,86,49,53,0
35,24,77,78,46,78,92,17,1,0,95,40,94,51,94,0
80,67,23,66,72,90,54,15,2,5,49,45,63,81,96,0
83,37,23,53,92,51,77,3,5,1,49,48,57,56,50,1
82,89,39,56,54,54,72,11,4,1,57,60,74,72,44,1
88,56,29,25,70,70,67,6,4,3,77,82,64,32,93,1
41,79,43,26,56,94,70,13,4,2,60,37,56,37,43,1
86,67,45,44,76,53,74,11,5,0,76,53,71,39,84,1
95,96,56,52,27,50,69,2,5,1,55,37,95,58,44,1
45,47,73,74,98,65,46,4,5,1,83,77,63,69,47,1
35,88,40,77,39,81,86,16,1,0,35,59,46,94,55,0
70,96,93,26,72,66,31,9,2,0,97,87,52,50,25,0
76,59,57,76,31,50,91,9,4,3,91,84,66,53,85,1
48,64,65,31,68,77,38,10,1,3,33,91,87,89,86,0
97,81,23,35,36,73,97,16,4,4,50,77,44,55,91,1
88,77,79,99,83,82,46,4,1,2,85,33,75,38,67,0
66,86,76,62,61,58,79,12,5,1,87,66,65,49,89,1
81,75,64,96,48,45,69,9,4,1,84,37,81,85,97,1
88,59,39,26,38,85,87,8,5,3,74,30,84,65,86,1
95,59,36,70,30,91,50,16,4,2,97,99,70,65,67,1
35,96,90,92,69,77,47,0,3,2,59,76,49,51,84,1
67,52,23,51,90,88,84,3,1,2,44,34,85,30,63,0
58,25,33,94,77,81,58,3,3,2,44,79,65,98,82,1
52,38,22,27,53,67,53,17,1,0,22,53,61,66,65,0
42,99,99,91,39,40,46,8,2,1,88,76,51,42,38,0
29,59,77,64,69,74,47,17,4,1,45,47,71,72,83,1
88,78,74,78,29,79,71,13,2,0,59,57,66,66,92,0
53,78,23,23,51,47,74,14,2,3,57,34,72,54,90,0
71,67,43,86,71,98,46,5,1,4,57,59,92,50,69,0
29,60,53,48,34,91,43,9,3,1,87,30,91,70,82,0
38,32,49,48,22,93,78,14,5,5,26,75,59,71,60,1
77,64,38,47,56,86,58,3,1,0,49,98,78,71,26,0
20,72,50,96,59,95,33,17,5,2,38,60,80,31,28,1
35,46,38,23,75,78,38,11,3,4,52,57,52,90,95,1
43,57,68,28,42,43,56,6,1,1,97,45,53,43,25,0
99,79,82,24,30,64,44,15,3,0,57,83,83,50,40,0
21,26,41,75,83,51,48,10,3,1,29,82,79,53,34,1
51,24,43,69,27,65,81,13,1,2,76,41,92,79,86,0
43,64,95,94,75,77,55,2,3,4,47,49,61,74,85,1
31,77,49,34,79,85,55,18,4,1,97,63,57,93,75,1
69,50,77,51,29,51,55,17,4,0,57,82,87,93,87,1
54,42,50,47,58,82,75,9,4,2,35,93,68,55,51,1
52,61,83,41,47,90,78,5,5,1,40,52,82,61,85,1
52,29,38,36,68,92,82,12,3,2,25,56,55,86,48,0
80,51,67,78,55,76,32,9,1,0,60,46,85,82,85,0
70,72,64,90,32,85,95,17,1,0,34,77,74,62,53,0
62,49,74,76,55,92,71,19,5,0,22,50,92,81,46,1
31,58,74,45,45,63,48,15,1,1,62,79,73,47,79,0
86,50,37,44,23,55,46,5,4,2,66,69,42,64,58,1
84,21,82,29,83,96,62,12,3,4,33,32,43,41,63,1
52,97,66,64,57,52,78,3,1,3,85,46,93,80,55,0
59,96,94,30,41,64,85,13,1,4,48,90,44,39,38,0
62,58,64,72,50,93,32,19,2,0,45,35,91,63,40,0
63,85,52,91,30,96,78,4,2,3,31,57,68,96,42,0
48,32,36,87,65,91,84,7,3,2,21,84,71,68,46,1
32,65,89,47,81,93,55,11,4,1,36,87,70,37,91,1
31,46,23,94,88,43,81,1,4,1,54,74,41,58,38,1
65,36,39,84,83,50,36,11,4,1,29,48,51,51,60,1
21,79,66,68,29,71,75,4,3,4,62,58,66,99,45,1
54,83,34,66,59,88,75,4,3,5,40,52,44,90,47,1
27,54,89,71,43,46,45,12,2,0,34,61,76,72,83,0
45,89,66,73,63,85,53,8,1,2,54,39,66,78,87,0
93,49,97,79,79,97,90,9,5,2,79,78,62,58,99,1
53,90,94,76,81,50,83,0,5,5,63,94,72,60,70,1
77,47,88,65,76,80,78,11,1,4,37,74,60,67,29,0
94,79,80,45,74,62,54,2,1,3,40,96,63,86,92,0
48,98,29,24,72,84,39,8,5,2,91,80,83,33,58,1
55,56,69,71,75,62,45,1,2,4,93,40,70,31,38,0
40,41,22,94,28,89,87,2,3,1,70,35,83,41,83,0
55,87,96,73,41,67,58,13,5,1,60,96,87,64,38,1
29,39,89,52,32,82,35,3,3,1,43,91,63,99,95,0
92,87,70,69,67,86,45,18,2,1,43,34,88,50,81,0
43,83,38,57,37,96,49,12,1,1,57,38,92,90,32,0
83,36,61,46,95,65,72,6,4,3,63,57,49,64,44,1
68,31,54,34,59,64,55,11,4,1,76,67,88,77,61,1
55,41,65,80,36,93,62,2,2,2,78,72,88,44,58,0
43,36,45,40,34,68,55,8,4,2,53,50,89,44,49,1
42,29,88,65,34,58,74,1,3,1,94,91,41,35,24,1
81,84,83,88,98,72,92,8,4,6,42,75,70,97,37,1
56,41,56,25,82,75,96,11,2,2,62,99,64,51,40,0
31,69,68,57,58,53,81,11,2,5,59,67,43,61,69,0
74,33,40,81,32,53,97,14,3,3,66,78,90,51,25,1
32,83,93,81,51,74,55,1,4,0,60,68,50,56,69,1
42,66,83,97,28,69,31,17,4,0,66,59,56,44,99,1
49,48,24,93,59,67,43,12,1,0,39,50,83,73,85,0
81,55,23,32,96,42,78,4,2,2,84,61,45,63,76,0
32,71,58,22,99,55,41,9,1,1,87,37,48,44,49,0
78,95,54,25,92,85,73,11,2,0,43,98,44,91,77,0
38,26,20,27,82,69,62,9,1,1,55,59,59,74,71,0
68,48,43,63,95,91,42,10,5,0,64,37,68,87,56,1
31,30,76,52,63,68,55,1,1,1,21,48,60,48,67,0
80,52,89,94,57,84,50,4,2,5,47,88,48,45,20,1
38,25,60,96,79,54,57,6,4,1,45,84,67,37,38,1
95,98,73,69,90,85,77,5,2,0,42,59,94,62,65,0
28,51,65,30,67,95,69,2,3,5,98,65,47,47,86,1
90,70,79,47,37,64,95,12,3,1,55,84,70,64,21,1
47,94,79,89,35,90,52,2,3,4,25,73,59,72,75,1
97,77,76,60,74,77,77,5,3,1,54,56,66,79,36,1
71,45,50,35,58,81,31,10,5,1,57,83,47,32,98,1
35,65,43,87,87,98,49,16,4,1,54,77,93,88,41,1
88,48,55,67,78,86,88,9,4,1,93,59,60,57,46,1
31,23,49,75,81,92,75,11,2,3,72,68,67,75,74,0
44,32,43,83,32,93,32,16,1,3,57,42,62,93,51,0
71,58,49,78,25,91,84,3,2,2,78,45,45,99,79,0
72,34,26,81,96,97,41,1,2,2,62,73,42,76,47,0
42,48,54,95,79,77,69,10,2,1,23,56,44,43,47,0
35,48,74,30,33,62,95,6,2,3,24,74,48,36,93,0
76,94,33,37,73,64,45,1,4,1,87,64,46,60,44,1
58,51,29,38,23,81,63,17,1,4,64,57,99,80,97,0
72,21,99,74,58,46,73,3,2,1,99,36,43,58,45,0
61,66,35,45,91,61,35,7,4,3,44,91,78,44,94,1
77,97,73,25,44,56,93,19,2,2,97,80,44,54,90,0
58,41,96,23,96,57,51,13,3,1,30,75,50,90,36,1
33,94,89,48,51,88,47,11,2,2,48,49,54,70,26,0
24,46,63,78,78,80,41,17,2,4,53,67,73,98,75,0
54,86,92,36,82,49,81,10,5,2,33,90,52,33,83,1
94,75,64,62,57,49,80,7,3,2,43,61,93,86,39,1
37,40,75,99,72,96,77,1,1,1,78,55,87,60,57,0
95,66,76,85,86,46,48,14,2,2,58,87,46,32,94,0
28,99,40,53,47,87,35,8,1,2,45,68,79,96,77,0
93,78,87,27,22,89,56,18,3,1,62,49,45,79,35,0
77,25,69,32,99,77,82,19,2,0,55,79,95,46,70,0
36,38,52,27,41,66,77,7,5,0,58,81,78,89,46,1
26,76,26,84,57,91,36,18,4,1,80,51,89,95,70,1
65,88,89,62,91,72,88,4,5,3,35,82,69,53,94,1
32,22,34,58,91,40,98,10,5,1,78,95,61,61,35,1
59,20,51,78,81,83,40,14,4,2,25,72,64,48,79,1
61,77,94,63,76,92,44,7,4,1,75,52,67,95,95,1
69,34,34,56,97,73,32,7,2,4,46,38,59,95,86,0
46,53,67,93,51,43,98,18,1,1,90,36,78,44,21,0
85,80,90,55,29,56,52,17,1,1,46,70,42,64,67,0
24,54,40,47,22,43,82,9,4,1,65,83,44,98,71,1
48,83,61,61,78,82,66,6,5,3,60,94,40,56,43,1
56,44,45,62,95,93,38,8,3,4,98,31,54,36,97,1
27,31,76,85,78,43,32,18,5,1,37,61,42,62,84,1
84,37,56,74,50,40,99,4,5,1,31,31,79,87,39,1
90,99,40,67,81,69,55,0,2,2,58,43,80,46,60,0
64,46,88,41,71,89,50,14,1,2,29,49,86,71,60,0
23,91,22,46,60,48,50,15,1,3,93,78,81,69,94,0
55,79,56,86,50,74,40,6,3,4,96,37,73,75,42,1
89,65,68,32,41,47,67,11,3,0,73,92,91,99,57,0
50,36,38,64,23,63,64,7,3,3,48,75,44,97,63,1
38,72,31,29,32,58,43,4,3,3,60,50,70,30,86,0
80,27,80,28,64,75,43,9,5,3,28,61,90,81,81,1
73,98,60,73,61,89,39,4,5,1,82,37,52,64,31,1
58,46,52,46,68,91,41,16,1,0,96,45,82,98,49,0
93,65,69,53,39,98,67,4,2,0,56,69,40,34,84,0
38,69,87,20,96,82,63,14,2,1,33,56,61,46,60,0
58,90,90,51,73,66,70,12,4,1,92,47,54,82,39,1
86,22,52,90,55,71,39,0,5,1,91,64,65,81,25,1
64,83,43,86,20,53,46,10,3,1,58,81,57,43,94,0
32,63,80,39,34,96,46,0,3,5,59,44,87,58,23,1
77,72,80,54,96,57,96,10,4,3,73,92,48,37,29,1
39,43,47,97,36,67,91,17,2,2,22,82,40,30,70,0
91,79,77,36,43,99,30,17,3,1,74,95,82,58,57,0
80,22,62,37,77,68,41,15,2,1,52,60,48,65,20,0
58,39,60,64,91,55,33,12,4,1,90,90,62,80,27,1
20,65,58,72,42,74,71,6,2,3,38,93,82,66,82,0
82,90,89,77,78,70,48,16,1,0,66,32,53,41,40,0
44,36,84,45,78,43,31,5,5,3,65,46,77,81,22,1
52,57,24,29,58,56,35,16,2,2,76,67,57,36,54,0
57,67,21,78,47,78,37,5,2,3,70,64,55,46,60,0
25,79,41,94,80,87,80,13,1,2,73,30,92,72,78,0
77,82,76,60,35,85,40,17,4,1,47,58,68,46,35,1
63,21,85,24,21,65,92,5,3,1,38,33,83,88,75,0
64,91,93,84,36,87,86,9,1,2,46,90,50,32,64,0
51,30,35,36,49,78,41,17,2,5,67,46,45,58,78,0
64,83,70,41,32,80,31,8,1,2,38,57,42,51,69,0
80,96,58,60,32,43,37,7,1,1,70,79,53,67,31,0
66,91,95,87,62,69,40,9,1,2,26,37,99,83,31,0
40,40,59,88,40,69,82,16,4,1,48,63,41,79,52,1
99,37,57,30,74,61,39,5,5,2,62,88,71,98,68,1
94,83,79,75,59,50,37,13,3,1,88,47,70,59,40,1
55,57,78,70,34,41,65,5,4,0,77,88,50,52,79,1
38,51,29,40,92,83,43,6,4,2,27,56,61,76,71,1
39,30,83,95,71,51,83,11,5,2,61,45,42,50,73,1
76,64,82,45,93,69,50,2,4,2,95,39,89,49,58,1
37,52,68,38,72,75,79,13,1,0,61,51,70,52,68,0
66,60,83,79,71,57,68,18,1,2,32,45,72,97,83,0
68,27,51,90,49,65,49,15,2,2,45,41,63,50,45,0
33,30,26,66,52,92,36,6,4,2,37,80,40,50,90,1
34,70,40,90,76,46,38,7,2,0,61,30,83,30,26,0
50,60,39,45,71,40,30,17,3,1,70,56,54,44,91,0
20,36,45,59,28,97,55,12,1,3,35,96,76,46,81,0
73,95,87,24,73,65,67,8,3,1,22,41,66,80,43,0
22,65,34,40,20,62,67,9,5,0,98,59,77,92,59,1
35,51,98,97,63,65,90,8,1,2,64,38,87,43,95,0
76,98,33,23,94,84,73,14,3,2,41,82,66,88,66,0
94,99,46,42,99,45,73,19,5,1,42,90,83,79,27,1
31,73,59,34,28,45,91,1,3,2,78,83,51,63,73,1
93,39,77,27,51,83,35,12,5,1,81,66,42,35,28,1
35,52,47,60,34,47,46,1,5,2,87,94,69,78,22,1
91,93,45,38,31,63,80,18,1,0,73,71,71,35,73,0
95,59,82,65,97,61,67,1,2,2,76,78,62,98,40,0
43,51,85,47,76,58,53,2,5,2,42,33,41,36,67,1
47,21,44,87,27,76,80,5,5,2,79,93,46,80,66,1
27,52,22,34,91,57,39,2,1,2,92,80,73,30,87,0
55,96,91,56,46,70,50,9,2,2,74,89,71,42,82,0
27,49,63,20,81,76,99,5,4,2,99,60,92,72,35,1
77,52,61,86,31,69,86,15,4,1,82,87,78,56,93,1
79,96,25,43,84,96,68,16,2,3,75,33,71,32,24,0
69,45,58,46,61,81,62,18,3,3,74,51,82,87,30,1
47,41,71,59,81,72,88,2,1,1,44,32,82,46,48,0
60,85,42,82,30,49,47,17,2,0,45,76,53,74,98,0
83,57,69,80,62,76,85,6,4,0,68,67,42,87,89,1
46,65,62,55,36,51,86,8,5,1,82,62,85,85,67,1
82,34,38,43,51,93,77,19,4,2,64,77,71,83,34,1
36,63,88,43,59,69,71,11,5,2,92,94,82,58,53,1
92,68,70,23,42,66,56,4,1,4,98,55,75,83,79,0
52,94,30,86,75,78,81,2,5,0,58,37,56,56,81,1
96,80,31,53,25,48,71,10,2,1,84,79,87,74,21,0
48,86,93,76,69,93,61,3,5,5,88,67,42,60,99,1
32,25,27,68,56,60,55,4,3,4,75,39,96,65,38,1
65,28,43,72,83,51,54,0,2,0,28,71,49,90,68,0
54,25,60,42,73,94,52,17,1,2,89,66,92,66,97,0
25,92,55,88,91,68,86,11,2,2,47,55,86,96,47,0
88,51,91,72,68,72,81,12,3,5,64,41,79,65,67,1
66,60,74,81,30,82,60,8,1,0,45,78,57,34,56,0
44,95,28,60,68,92,93,1,4,0,47,43,42,75,93,1
85,27,66,76,40,54,62,4,3,2,59,75,78,81,68,1
29,91,34,79,85,41,31,12,1,1,34,64,49,78,67,0
75,69,67,73,82,91,47,15,5,3,25,58,91,35,92,1
49,81,61,89,47,78,76,15,2,0,46,41,48,39,48,0
24,81,79,76,36,92,62,2,1,3,57,73,85,52,79,0
52,26,89,29,25,83,64,3,2,1,87,95,94,46,48,0
84,94,31,59,38,93,80,10,5,3,94,31,85,73,77,1
37,99,21,26,75,57,47,13,1,0,83,88,50,70,67,0
68,23,26,57,47,42,59,2,4,1,49,46,99,44,42,1
30,25,99,80,85,46,73,15,3,1,22,39,72,73,46,1
45,77,22,22,57,82,82,14,1,1,81,47,75,87,26,0
82,41,22,70,56,57,39,9,5,1,31,51,65,79,68,1
78,45,46,66,87,83,81,8,1,3,49,87,66,81,73,0
46,22,59,87,68,77,78,10,2,5,57,82,77,99,87,0
68,60,52,95,62,76,40,15,1,3,79,30,61,97,97,0
96,79,20,57,55,97,95,9,4,2,57,90,65,92,61,1
52,33,27,55,77,72,87,16,1,1,34,60,61,87,93,0
20,94,51,60,32,83,65,18,3,1,37,60,44,52,78,0
40,31,67,88,71,98,62,1,1,4,71,95,74,73,63,0
74,31,23,32,77,70,76,1,2,2,48,48,41,73,45,0
25,32,89,77,51,97,42,5,1,3,79,82,74,81,42,0
88,44,38,69,79,50,69,18,4,1,40,51,48,96,92,1
24,64,51,49,77,43,97,7,5,1,36,52,90,57,27,1
22,38,28,81,75,98,71,2,1,2,37,44,90,96,72,0
72,74,31,44,47,57,48,13,1,1,76,55,88,47,33,0
42,64,30,46,20,43,48,15,3,2,56,32,57,56,90,0
72,27,65,70,61,88,87,0,4,5,79,49,82,80,26,1
56,72,35,97,67,73,52,2,5,1,57,69,51,89,28,1
93,74,20,76,59,68,83,17,2,3,31,68,42,78,22,0
93,51,82,66,82,63,94,8,1,1,94,47,57,44,97,0
36,70,40,58,95,61,41,5,5,3,92,70,95,97,36,1
92,89,32,41,99,83,63,9,4,3,77,56,46,80,65,1
20,37,53,73,23,45,82,5,4,3,22,44,72,77,77,1
70,41,23,40,57,81,37,11,5,3,82,66,45,30,47,1
64,56,47,91,46,64,47,3,2,4,40,87,57,36,33,0
96,75,78,35,28,94,86,12,4,0,42,34,84,82,28,1
23,78,46,78,35,96,34,16,5,3,28,36,61,60,45,1
81,22,88,50,75,60,55,7,4,2,74,70,90,47,21,1
84,47,44,61,95,94,59,19,4,0,38,39,78,41,94,1
51,93,22,93,50,98,83,2,4,5,81,91,90,77,53,1
53,54,87,51,33,55,42,11,3,3,58,55,48,59,38,1
91,80,44,78,44,70,58,6,2,2,95,97,74,36,58,0
58,73,39,53,53,53,32,11,5,1,46,53,62,32,32,1
45,82,53,28,86,78,87,1,5,3,65,70,51,92,24,1
53,98,45,30,43,67,31,13,2,0,53,94,91,35,69,0
73,26,24,29,92,71,57,4,2,0,52,46,63,44,42,0
22,95,80,36,45,67,31,8,2,1,69,53,89,72,48,0
69,68,28,87,39,90,36,10,2,1,39,56,79,47,91,0
31,50,69,67,83,94,55,4,1,2,59,36,48,51,45,0
84,77,25,71,29,88,45,2,5,3,77,41,52,90,98,1
73,80,79,44,86,48,52,16,1,2,50,32,79,90,76,0
24,43,63,40,43,97,69,1,4,3,57,39,93,82,20,1
76,39,30,84,24,84,89,0,4,3,64,62,81,55,47,1
36,56,85,82,86,61,61,6,5,3,60,75,56,69,81,1
66,23,66,70,77,71,44,13,4,3,28,88,46,37,66,1
42,39,92,55,46,44,42,4,2,4,28,81,56,50,97,0
33,43,95,34,34,44,81,10,2,2,98,31,89,50,50,0
85,69,49,58,54,81,70,1,4,0,96,58,63,32,89,1
94,68,40,89,95,92,82,7,1,4,41,69,41,60,68,0
70,70,47,20,72,71,79,8,2,5,35,90,74,56,24,0
57,55,81,42,63,98,44,2,5,4,51,97,67,56,50,1
83,85,52,58,45,49,36,1,2,1,85,97,58,86,56,0
57,98,54,76,66,98,69,6,4,0,33,58,72,62,98,1
69,53,71,53,53,78,57,4,1,2,57,91,60,73,34,0
49,55,53,60,69,97,61,4,5,4,27,89,92,72,71,1
98,25,60,92,31,54,44,19,1,1,40,70,49,60,88,0
82,61,66,89,67,68,94,19,1,1,65,93,85,46,62,0
71,77,77,25,74,98,33,5,4,4,62,92,84,44,89,1
57,31,94,71,20,86,40,19,5,2,65,77,48,63,42,1
98,22,76,22,85,42,55,17,3,0,67,49,77,33,59,1
49,37,42,82,49,58,90,1,1,3,89,66,45,57,82,0
70,59,67,68,22,49,66,5,1,2,50,93,90,31,21,0
48,34,36,66,68,68,69,2,5,2,63,63,81,87,92,1
23,45,88,74,81,54,52,0,3,2,90,68,94,38,66,1
29,27,30,83,57,74,45,0,4,4,27,96,74,60,49,1
75,61,34,84,34,45,90,18,2,3,92,91,57,95,35,0
36,63,54,86,71,51,97,4,3,1,21,53,92,91,78,0
93,33,52,34,98,86,60,12,5,2,36,32,58,48,66,1
36,97,35,51,65,77,82,18,3,2,71,96,44,84,49,0
88,21,53,87,44,52,54,11,1,3,64,79,64,57,28,0
53,56,85,37,40,68,73,15,1,2,56,58,50,79,84,0
25,88,59,62,24,58,41,18,2,1,61,61,49,94,78,0
72,57,47,54,89,42,38,2,5,0,63,68,56,32,83,1
85,60,66,97,66,47,41,11,5,2,57,38,75,81,27,1
96,81,58,77,87,47,98,4,3,2,25,43,65,39,71,1
62,79,89,52,37,94,83,1,2,1,87,97,70,50,37,0
94,33,92,33,40,97,83,6,5,1,70,93,71,66,77,1
42,21,39,53,42,59,57,12,1,0,54,49,60,44,68,0
74,89,20,80,83,86,85,14,3,4,77,57,57,38,51,1
94,47,82,78,59,90,87,19,1,0,92,73,57,68,64,0
35,85,86,48,29,60,71,4,2,1,25,68,40,34,73,0
27,54,23,25,71,42,67,7,5,1,32,57,53,54,65,1
23,24,77,68,91,84,97,0,1,2,78,93,47,85,50,0
23,84,44,59,94,47,82,7,4,3,49,61,41,93,56,1
75,59,66,84,80,62,62,17,4,3,21,38,90,81,35,1
44,95,57,88,83,55,85,19,2,2,77,57,54,38,65,0
86,75,34,46,24,52,80,15,1,3,55,46,99,39,65,0
86,55,82,99,72,42,72,17,3,3,91,84,73,39,97,1
46,64,40,25,74,87,44,19,1,3,64,39,75,91,80,0
51,42,76,32,56,48,67,11,4,2,28,35,40,89,65,1
69,66,72,83,75,99,44,12,2,2,84,77,90,48,70,0
80,50,65,81,78,53,34,12,2,1,96,96,60,67,81,0
70,30,33,38,88,52,83,9,3,3,69,70,81,35,54,1
40,86,36,99,78,96,39,13,2,2,51,71,71,76,64,0
24,33,58,62,21,46,41,15,2,1,62,57,59,74,87,0
80,93,96,39,79,46,47,11,2,2,73,44,86,82,66,0
41,29,98,87,70,77,65,8,4,1,66,65,75,95,98,1
40,95,25,63,49,73,54,7,1,2,33,44,78,91,49,0
89,20,42,42,30,80,65,17,5,1,67,85,69,52,43,1
20,24,78,21,95,61,96,17,2,2,74,33,46,73,85,0
24,39,65,41,58,63,38,12,5,1,48,81,61,81,62,1
31,27,57,76,96,88,90,17,5,1,66,39,96,75,53,1
65,62,33,91,91,76,82,14,4,3,82,74,89,48,42,1
53,95,91,26,82,83,47,3,2,3,38,58,84,76,80,0
68,20,81,97,83,40,72,16,5,2,28,82,49,81,56,1
97,76,54,75,80,49,64,4,2,2,56,58,95,53,32,0
64,83,38,86,73,82,92,15,3,1,71,52,47,46,90,0
46,47,49,35,92,55,33,8,3,4,76,86,66,75,26,1
92,56,97,70,77,85,70,9,3,2,47,79,49,93,61,1
45,66,44,99,75,47,74,17,5,1,55,50,53,57,57,1
66,95,59,91,53,95,79,16,3,5,83,72,85,79,71,1
82,68,45,72,71,64,71,6,4,4,54,59,91,57,83,1
67,63,41,94,95,89,98,3,5,3,87,80,93,85,32,1
80,75,67,24,20,51,30,4,2,0,97,62,50,88,47,0
45,47,70,46,74,64,68,15,1,1,58,47,45,34,20,0
55,98,22,31,41,56,46,2,2,0,27,51,60,83,62,0
20,25,61,36,59,99,64,17,2,2,99,93,72,73,61,0
27,80,38,25,20,65,75,13,2,0,34,50,58,71,69,0
71,39,92,24,84,85,71,14,2,2,26,30,78,86,79,0
98,97,47,76,82,87,68,16,1,2,36,44,63,76,20,0
66,21,64,47,73,53,78,0,3,3,83,65,57,54,70,1
75,92,90,97,61,80,91,16,2,4,31,76,74,73,35,0
33,56,97,88,40,75,67,10,4,2,75,83,91,44,58,1
47,39,82,78,98,96,52,16,5,2,65,61,82,80,34,1
97,45,92,52,41,62,51,13,5,3,66,87,76,82,52,1
21,48,38,81,57,82,33,19,4,1,98,75,58,63,72,1
45,20,66,69,99,45,78,18,2,2,35,83,92,37,36,0
33,54,33,38,27,86,88,6,1,2,88,62,63,99,25,0
78,89,57,88,81,44,97,12,3,3,21,68,95,50,50,1
75,78,72,85,66,82,31,17,5,3,73,52,73,36,88,1
26,88,80,66,36,64,78,13,3,3,46,72,61,85,59,1
22,52,55,58,36,57,60,0,1,2,50,84,43,78,49,0
42,70,59,87,32,52,69,6,5,3,60,31,96,71,88,1
37,97,49,52,36,82,77,7,3,1,55,95,49,52,95,0
57,31,28,32,57,53,80,17,1,2,66,67,41,81,26,0
34,39,83,73,97,67,72,8,3,2,62,58,47,82,32,1
83,72,52,26,64,57,84,0,2,0,84,96,72,45,23,0
47,62,71,98,25,98,78,16,1,3,69,65,98,66,69,0
93,69,33,33,54,99,86,18,3,3,20,58,77,47,22,0
58,48,94,38,33,96,44,5,2,4,91,66,82,49,31,0
76,76,72,73,91,67,56,2,2,0,76,74,98,75,84,0
36,58,78,39,80,90,97,4,1,0,35,45,67,31,46,0
63,75,97,48,34,95,93,1,4,2,47,60,49,92,69,1
44,62,60,43,73,66,59,19,5,1,41,63,84,32,96,1
36,69,87,82,46,71,65,3,1,4,60,79,40,75,36,0
32,42,87,93,32,86,96,9,2,2,95,94,73,78,91,0
44,63,27,76,50,48,78,9,2,3,38,91,42,30,51,0
87,57,21,27,54,79,84,10,1,0,69,72,48,51,70,0
29,42,60,81,79,71,85,15,4,2,78,85,44,43,36,1
86,64,74,48,25,59,97,16,5,1,88,44,81,74,53,1
37,71,35,93,88,67,73,15,3,1,53,77,49,35,54,1
53,99,81,36,77,72,60,6,1,0,58,78,51,94,43,0
27,69,67,85,68,43,87,15,5,1,93,73,57,50,73,1
59,27,49,25,42,85,82,2,5,1,26,39,97,33,37,1
61,20,31,77,53,96,52,15,2,1,71,49,60,32,69,0
60,27,54,88,45,73,57,7,3,0,79,99,60,59,65,1
25,48,30,47,66,87,45,11,1,3,71,37,40,60,67,0
71,24,83,81,24,42,66,2,2,1,98,74,42,63,52,0
45,66,69,60,39,65,50,16,2,0,43,63,44,49,46,0
83,53,40,88,25,47,46,17,4,1,45,80,64,83,20,1
78,84,88,60,89,45,66,10,5,2,29,33,97,54,78,1
75,74,67,68,78,55,48,3,1,3,36,68,88,44,29,0
78,62,39,68,83,63,59,15,1,2,97,53,47,67,44,0
89,93,86,95,37,87,74,16,1,3,21,84,56,52,76,0
52,49,63,90,23,78,47,8,2,1,96,55,48,81,85,0
72,36,52,22,36,69,91,5,4,1,46,54,71,95,34,1
41,45,92,29,33,84,65,19,3,2,92,65,45,86,47,1
40,27,80,54,97,52,81,1,2,1,90,87,88,86,32,0
89,66,28,99,32,44,48,8,3,2,67,41,79,81,33,0
89,95,87,21,26,64,73,5,4,1,93,30,60,64,85,1
23,91,54,43,63,59,36,2,5,2,28,79,46,43,53,1
94,65,84,93,34,93,73,19,1,1,42,54,46,43,44,0
81,87,27,57,38,57,97,5,3,4,90,34,86,62,73,0
81,52,64,41,82,86,63,6,2,2,92,97,78,81,98,0
43,20,66,45,54,57,95,0,3,1,46,35,93,30,31,1
74,38,59,62,54,41,98,0,5,3,90,55,66,63,28,1
28,50,95,74,38,49,84,4,1,2,62,84,47,48,50,0
22,99,73,58,39,94,39,5,3,1,26,68,48,53,97,0
50,33,95,48,54,84,71,12,5,3,82,38,67,33,72,1
59,72,65,39,51,89,70,1,2,3,63,74,54,65,62,0
55,67,66,60,67,86,98,14,4,0,58,43,41,87,57,1
43,88,34,73,63,51,39,14,2,1,59,84,46,61,61,0
25,81,38,39,43,86,39,12,1,0,26,38,86,38,91,0
85,85,45,38,80,52,89,13,2,0,89,44,57,96,67,0
94,83,71,85,36,89,80,6,2,3,44,66,61,49,86,0
23,89,41,49,90,86,50,13,2,1,78,79,89,91,85,0
98,82,40,72,69,96,37,9,2,3,32,50,49,87,35,0
25,92,70,53,84,94,94,16,1,0,81,86,93,51,35,0
70,52,57,41,51,50,59,13,5,2,27,48,89,96,50,1
81,60,39,86,55,58,78,7,3,4,64,87,72,77,77,1
76,67,48,25,32,74,38,3,4,0,37,35,46,37,47,1
85,32,70,98,89,78,46,15,3,0,79,33,42,44,23,1
98,92,23,46,77,92,98,12,3,1,79,72,53,61,29,0
94,96,74,29,33,65,87,19,4,2,21,71,83,82,70,1
27,50,90,92,56,85,86,17,1,2,85,32,85,96,37,0
45,94,47,67,98,53,91,13,4,2,33,30,75,33,66,1
70,87,23,89,87,93,81,17,1,1,67,84,52,59,51,0
64,23,41,78,59,84,90,4,3,3,75,44,55,42,49,1
63,38,95,78,78,83,69,8,1,2,31,76,55,50,55,0
24,89,64,21,99,63,67,2,5,3,74,75,93,70,28,1
89,32,86,48,35,80,72,7,4,1,47,87,44,48,55,1
45,42,85,87,81,40,92,19,5,0,23,68,91,77,48,1
87,94,53,84,23,90,48,9,3,3,55,32,64,92,35,0
38,20,74,45,64,82,79,18,4,0,69,59,77,49,40,1
39,73,20,29,47,94,62,2,3,1,22,64,77,93,83,0
31,90,91,72,85,61,42,10,5,1,20,86,89,66,85,1
66,34,57,98,50,62,91,10,3,0,36,58,77,60,78,0
20,84,25,78,22,95,72,16,4,2,90,79,78,47,47,1
33,95,44,41,27,93,78,15,4,1,81,91,95,49,74,1
83,90,36,70,43,58,65,6,3,2,67,81,95,40,50,1
57,34,80,67,34,57,39,3,4,3,81,43,87,73,52,1
56,40,31,40,62,51,35,18,4,5,88,64,80,93,79,1
30,38,25,41,50,94,86,11,3,2,38,57,65,63,60,0
96,79,46,49,92,67,30,14,5,3,53,87,98,94,65,1
22,52,27,44,64,67,87,10,4,2,68,59,52,84,68,1
52,68,84,47,85,99,50,4,4,3,99,36,83,30,84,1
25,54,76,84,27,98,85,4,4,1,66,68,90,67,61,1
69,63,59,64,90,72,49,14,4,2,69,98,65,38,42,1
29,30,33,87,76,58,83,17,3,0,45,64,94,46,46,0
24,91,54,26,99,67,54,10,5,1,75,81,94,81,51,1
42,97,67,68,49,98,57,11,5,0,97,43,40,47,22,1
63,85,68,55,37,88,50,19,4,1,97,65,43,62,95,1
21,65,32,20,88,76,47,14,4,2,44,53,60,33,98,1
32,28,80,29,58,65,76,19,1,1,23,69,61,81,36,0
59,22,68,55,79,74,99,3,5,0,98,58,90,38,51,1
21,45,65,92,62,73,86,17,2,2,51,82,92,93,26,0
84,91,81,65,64,74,48,5,2,2,97,51,97,59,90,0
82,67,27,51,42,79,94,18,5,2,84,44,76,37,88,1
92,85,62,51,88,55,32,10,4,1,80,98,88,34,77,1
36,89,39,25,25,77,71,1,2,3,39,93,42,92,59,0
28,47,58,67,75,52,50,7,3,4,93,33,58,30,67,1
94,45,68,57,23,62,69,10,3,2,29,47,40,44,70,0
34,44,83,36,42,99,96,4,1,3,53,71,68,67,76,0
43,31,81,93,25,93,54,17,5,2,80,59,62,71,90,1
57,24,73,46,51,61,84,17,5,6,46,44,72,75,56,1
54,67,28,73,37,55,81,13,2,5,59,99,94,82,94,0
68,56,56,69,34,67,73,9,4,1,84,84,91,55,93,1
88,98,68,54,59,87,85,2,5,1,52,82,80,90,74,1
81,63,60,44,92,74,84,8,2,3,87,45,62,96,60,0
79,34,36,47,93,99,99,2,2,3,90,63,44,83,39,0
97,67,70,23,82,85,48,11,2,2,35,42,96,55,59,0
94,89,78,92,86,47,36,11,1,1,24,56,97,89,53,0
28,65,58,46,30,83,92,2,1,0,42,98,45,68,81,0
53,62,74,45,62,94,71,6,5,2,62,60,88,65,38,1
95,40,60,38,36,94,71,13,4,3,76,32,61,50,62,1
54,42,58,36,23,61,88,10,1,2,70,59,88,70,88,0
20,99,32,62,82,60,49,6,1,3,32,50,52,77,82,0
59,66,83,60,87,65,46,9,5,1,43,35,51,55,29,1
83,34,30,61,60,79,56,10,3,1,30,61,43,92,32,0
41,44,38,69,24,60,76,14,2,3,71,71,47,65,24,0
79,55,30,59,51,64,31,18,1,0,36,91,76,53,77,0
83,94,96,58,89,80,92,15,3,1,56,61,70,50,78,0
91,70,65,42,54,40,91,19,4,3,32,68,76,47,95,1
30,34,64,71,41,45,48,11,3,2,81,93,84,44,78,1
33,87,20,66,84,62,46,17,5,1,27,59,65,35,96,1
79,40,59,82,41,90,98,12,4,1,75,92,82,72,34,1
54,38,95,62,96,82,68,3,3,1,63,69,79,57,20,1
56,53,91,67,22,82,65,13,5,2,79,62,72,37,57,1
24,97,91,53,28,62,69,7,1,1,60,92,84,58,72,0
97,87,80,59,79,71,74,8,3,1,40,54,68,50,71,0
45,71,31,94,95,69,33,18,1,2,61,65,44,87,20,0
81,46,80,80,33,52,54,2,3,2,93,53,67,89,30,1
23,48,52,69,37,82,98,4,1,1,93,87,92,79,77,0
61,47,64,86,92,57,59,17,3,2,48,68,79,60,59,1
37,54,88,81,42,62,97,0,4,1,99,75,56,76,79,1
59,27,27,77,93,54,58,7,2,3,84,39,94,63,63,0
91,35,44,52,66,72,97,18,4,3,36,61,62,31,25,1
58,55,65,94,88,60,80,16,1,3,49,65,84,96,47,0
33,49,49,35,66,96,53,16,5,3,45,57,48,81,50,1
51,37,66,67,49,78,43,10,4,4,72,45,41,36,27,1
70,21,68,29,44,62,98,1,2,3,38,45,71,48,24,0
57,68,66,57,47,66,47,5,1,0,72,47,90,44,73,0
42,96,37,38,44,84,71,13,4,0,36,37,91,77,36,1
82,23,85,55,93,83,86,2,3,2,65,99,88,43,57,1
34,94,87,78,97,57,41,11,5,3,72,30,70,32,28,1
44,26,52,82,77,63,46,3,1,1,83,91,46,79,93,0
36,93,55,96,60,90,59,11,4,2,64,67,69,83,97,1
85,58,38,65,44,86,52,12,1,2,68,74,97,35,33,0
97,32,47,22,97,79,30,1,3,3,38,87,42,78,45,1
72,50,59,93,67,90,61,1,2,0,90,30,90,52,81,0
70,90,95,84,29,81,38,14,4,1,84,61,90,49,44,1
58,82,34,27,94,46,44,16,1,1,56,37,95,89,99,0
70,75,60,70,30,89,57,6,1,1,89,69,48,74,55,0
89,61,58,92,40,87,53,13,1,0,45,85,49,90,99,0
25,80,21,25,64,59,89,11,2,2,21,92,85,85,52,0
86,61,82,58,26,66,64,16,1,0,78,65,89,31,22,0
26,75,48,79,83,45,56,13,5,0,24,86,97,74,30,1
70,55,93,47,83,66,49,5,5,2,56,74,86,69,77,1
91,87,85,73,21,48,94,18,1,4,50,31,65,53,83,0
61,26,70,56,95,92,78,5,5,1,95,97,40,58,37,1
83,73,94,28,61,84,30,17,4,3,67,79,69,96,66,1
34,20,96,75,73,96,39,4,5,1,25,58,96,97,63,1
48,63,29,78,94,70,76,5,1,2,34,39,77,95,78,0
52,64,33,21,35,60,88,1,3,2,34,56,54,83,69,0
46,66,70,80,37,65,91,7,4,0,80,44,64,82,88,1
55,32,92,77,78,79,47,14,2,3,35,89,45,78,48,0
48,41,58,79,35,87,75,14,1,2,39,60,57,61,86,0
76,28,22,55,76,52,56,0,3,1,63,89,95,71,44,1
46,45,89,56,66,88,47,17,2,2,61,87,42,30,38,0
74,28,46,98,67,62,68,11,1,1,65,70,56,92,59,0
52,34,21,37,61,59,78,11,1,1,53,75,87,64,21,0
87,29,57,82,95,76,73,10,3,1,83,74,47,80,84,1
29,91,35,30,96,92,63,6,3,0,22,80,88,94,73,0
24,43,59,77,23,67,65,1,3,1,28,65,79,43,64,1
93,99,21,76,21,56,47,10,1,0,94,81,56,32,68,0
57,68,60,96,78,67,67,9,5,6,94,80,64,53,88,1
32,45,31,23,46,80,88,2,3,1,44,32,80,94,57,0
50,56,54,26,46,41,38,19,1,2,61,43,51,77,23,0
66,87,84,80,98,64,80,9,5,4,65,78,68,39,36,1
71,69,74,73,91,97,64,17,3,0,92,30,64,42,72,0
75,43,64,87,26,89,34,13,5,2,78,86,90,43,72,1
34,38,98,98,82,80,43,17,4,2,40,46,75,39,50,1
48,79,81,20,65,45,59,7,4,1,93,79,92,69,41,1
27,58,68,74,82,50,33,9,5,4,41,43,93,52,30,1
24,93,44,22,31,96,68,12,3,2,48,88,64,84,53,0
48,37,42,97,32,77,93,7,1,2,82,32,68,92,34,0
66,38,43,57,62,45,54,3,2,1,92,69,50,71,29,0
87,55,57,20,36,84,57,3,1,1,80,95,99,95,72,0
64,74,40,48,55,53,51,0,2,3,88,38,53,81,50,0
21,88,73,24,27,41,60,16,3,2,59,50,85,47,56,0
46,66,37,93,88,79,52,1,5,4,94,54,77,47,47,1
55,68,55,40,99,42,77,7,1,0,20,73,56,53,50,0
55,52,64,90,55,94,49,6,5,0,84,54,41,52,89,1
45,40,92,86,47,92,67,14,4,2,81,38,47,41,33,1
62,41,72,66,66,74,84,4,3,2,73,91,75,52,35,1
46,67,49,54,95,72,97,1,3,3,79,55,49,50,44,1
88,56,79,87,49,63,30,6,4,2,65,86,46,93,58,1
39,34,51,88,42,58,36,7,1,4,24,66,75,63,85,0
30,54,86,20,35,57,86,6,4,6,41,45,55,31,57,1
93,90,86,87,33,88,41,6,1,0,72,66,53,98,60,0
57,51,47,31,93,91,34,13,2,2,89,53,55,60,59,0
25,30,63,79,90,63,79,17,3,0,51,55,64,97,83,0
91,29,98,46,71,84,71,5,1,1,30,49,80,99,35,0
42,92,60,75,56,74,41,3,5,0,29,38,43,48,96,1
66,97,82,42,48,40,47,9,5,1,58,58,68,42,78,1
65,96,42,44,86,75,95,17,3,4,50,60,95,94,30,1
31,76,94,40,34,64,46,11,4,2,31,48,45,35,20,1
32,44,67,80,66,84,97,15,4,5,99,49,40,56,32,1
81,21,51,82,65,88,91,6,1,2,57,56,78,81,49,0
79,83,76,71,71,99,70,5,4,3,86,73,40,77,88,1
62,54,52,44,38,82,63,4,3,1,85,64,90,97,37,0
87,37,58,65,40,64,74,11,2,2,24,44,96,46,32,0
24,86,53,51,83,55,87,14,4,0,30,42,42,67,51,1
56,61,75,74,56,73,80,9,4,4,44,33,40,39,90,1
91,58,47,24,46,68,63,19,1,1,54,85,40,83,91,0
50,60,56,55,74,58,73,18,5,2,54,52,78,35,69,1
28,94,26,68,48,62,44,15,4,5,41,63,60,35,90,1
70,43,87,77,39,58,99,10,3,2,56,46,84,81,99,0
48,79,56,58,44,64,79,7,4,2,74,57,69,44,50,1
97,65,75,99,89,55,61,2,2,5,94,43,71,97,70,0
59,38,84,80,82,93,96,6,4,0,91,63,72,86,46,1
60,87,84,28,55,90,32,6,5,4,83,86,87,85,79,1
30,61,66,25,21,48,80,13,4,3,39,84,61,36,52,1
20,58,38,58,35,81,77,9,4,0,37,66,93,87,91,1
